CO_HOGAR;UBIGEO;DE_DEPARTAMENTO;DE_PROVINCIA;DE_DISTRITO;DE_GENERO;CO_RESTRI;FLAG_PADRON_OLD;FLAG_DISCAP_SEVERA;FLAG_MAYEDAD
5;10109;AMAZONAS;CHACHAPOYAS;LA JALCA;2;;1;0;1
5;10109;AMAZONAS;CHACHAPOYAS;LA JALCA;2;;0;0;0
5;10109;AMAZONAS;CHACHAPOYAS;LA JALCA;1;;0;0;1
5;10109;AMAZONAS;CHACHAPOYAS;LA JALCA;2;;0;0;0
15;10202;AMAZONAS;BAGUA;ARAMANGO;2;;1;0;1
15;10202;AMAZONAS;BAGUA;ARAMANGO;2;;0;0;0
17;140120;LAMBAYEQUE;CHICLAYO;TUMAN;1;;0;0;1
17;140120;LAMBAYEQUE;CHICLAYO;TUMAN;2;;0;0;1
17;140120;LAMBAYEQUE;CHICLAYO;TUMAN;2;;1;0;1
17;140120;LAMBAYEQUE;CHICLAYO;TUMAN;2;;0;0;0
17;140120;LAMBAYEQUE;CHICLAYO;TUMAN;2;;0;0;0
24;10202;AMAZONAS;BAGUA;ARAMANGO;1;;0;0;1
24;10202;AMAZONAS;BAGUA;ARAMANGO;2;;0;0;0
24;10202;AMAZONAS;BAGUA;ARAMANGO;1;;0;0;0
24;10202;AMAZONAS;BAGUA;ARAMANGO;2;;1;0;1
24;10202;AMAZONAS;BAGUA;ARAMANGO;1;;0;0;0
26;10202;AMAZONAS;BAGUA;ARAMANGO;2;;1;0;1
26;10202;AMAZONAS;BAGUA;ARAMANGO;1;;0;0;0
28;220913;SAN MARTIN;SAN MARTIN;SAUCE;1;;0;0;1
28;220913;SAN MARTIN;SAN MARTIN;SAUCE;2;;0;0;0
28;220913;SAN MARTIN;SAN MARTIN;SAUCE;2;;1;0;1
31;10205;AMAZONAS;BAGUA;IMAZA;2;;0;0;0
31;10205;AMAZONAS;BAGUA;IMAZA;2;;1;0;1
31;10205;AMAZONAS;BAGUA;IMAZA;1;;0;0;0
31;10205;AMAZONAS;BAGUA;IMAZA;1;;0;0;1
32;10205;AMAZONAS;BAGUA;IMAZA;2;;1;0;1
32;10205;AMAZONAS;BAGUA;IMAZA;2;;0;0;0
32;10205;AMAZONAS;BAGUA;IMAZA;2;;0;0;0
32;10205;AMAZONAS;BAGUA;IMAZA;1;;0;0;1
32;10205;AMAZONAS;BAGUA;IMAZA;1;;0;0;0
33;10707;AMAZONAS;UTCUBAMBA;YAMON;1;;0;0;0
33;10707;AMAZONAS;UTCUBAMBA;YAMON;2;;1;0;1
33;10707;AMAZONAS;UTCUBAMBA;YAMON;1;;0;0;1
33;10707;AMAZONAS;UTCUBAMBA;YAMON;2;;0;0;0
36;10205;AMAZONAS;BAGUA;IMAZA;1;;0;0;0
36;10205;AMAZONAS;BAGUA;IMAZA;2;;1;0;1
51;10205;AMAZONAS;BAGUA;IMAZA;2;;1;0;1
51;10205;AMAZONAS;BAGUA;IMAZA;1;;0;0;0
51;10205;AMAZONAS;BAGUA;IMAZA;2;;0;0;0
51;10205;AMAZONAS;BAGUA;IMAZA;1;;0;0;0
55;10205;AMAZONAS;BAGUA;IMAZA;1;;0;0;1
55;10205;AMAZONAS;BAGUA;IMAZA;1;;0;0;0
55;10205;AMAZONAS;BAGUA;IMAZA;2;;1;0;1
55;10205;AMAZONAS;BAGUA;IMAZA;2;;0;0;0
55;10205;AMAZONAS;BAGUA;IMAZA;1;;0;0;0
55;10205;AMAZONAS;BAGUA;IMAZA;1;;0;0;0
55;10205;AMAZONAS;BAGUA;IMAZA;2;;0;0;0
57;10205;AMAZONAS;BAGUA;IMAZA;2;;1;0;1
57;10205;AMAZONAS;BAGUA;IMAZA;2;;0;0;0
60;10205;AMAZONAS;BAGUA;IMAZA;2;;1;0;1
60;10205;AMAZONAS;BAGUA;IMAZA;2;;0;0;0
60;10205;AMAZONAS;BAGUA;IMAZA;2;;0;0;0
62;10205;AMAZONAS;BAGUA;IMAZA;1;;0;0;0
62;10205;AMAZONAS;BAGUA;IMAZA;2;;1;0;1
63;10205;AMAZONAS;BAGUA;IMAZA;2;;1;0;1
63;10205;AMAZONAS;BAGUA;IMAZA;1;;0;0;1
63;10205;AMAZONAS;BAGUA;IMAZA;1;;0;0;0
63;10205;AMAZONAS;BAGUA;IMAZA;2;;0;0;0
66;10205;AMAZONAS;BAGUA;IMAZA;2;;1;0;1
66;10205;AMAZONAS;BAGUA;IMAZA;2;;0;0;0
68;10205;AMAZONAS;BAGUA;IMAZA;2;;0;0;0
68;10205;AMAZONAS;BAGUA;IMAZA;2;;0;0;0
68;10205;AMAZONAS;BAGUA;IMAZA;1;;0;0;1
68;10205;AMAZONAS;BAGUA;IMAZA;2;;1;0;1
68;10205;AMAZONAS;BAGUA;IMAZA;1;;0;0;0
69;10303;AMAZONAS;BONGARA;CHURUJA;1;;0;0;0
69;10303;AMAZONAS;BONGARA;CHURUJA;2;;1;0;1
69;10303;AMAZONAS;BONGARA;CHURUJA;1;;0;0;1
69;10303;AMAZONAS;BONGARA;CHURUJA;2;;0;0;0
71;10307;AMAZONAS;BONGARA;JAZAN;2;;1;0;1
71;10307;AMAZONAS;BONGARA;JAZAN;2;;0;0;0
71;10307;AMAZONAS;BONGARA;JAZAN;1;;0;0;1
71;10307;AMAZONAS;BONGARA;JAZAN;1;;0;0;1
71;10307;AMAZONAS;BONGARA;JAZAN;1;;0;0;0
71;10307;AMAZONAS;BONGARA;JAZAN;1;;0;0;0
72;10306;AMAZONAS;BONGARA;FLORIDA;1;;1;0;1
77;150110;LIMA;LIMA;COMAS;2;;1;0;1
77;150110;LIMA;LIMA;COMAS;1;;0;0;0
77;150110;LIMA;LIMA;COMAS;1;;0;0;1
78;10310;AMAZONAS;BONGARA;SHIPASBAMBA;1;;0;0;0
78;10310;AMAZONAS;BONGARA;SHIPASBAMBA;2;;1;0;1
78;10310;AMAZONAS;BONGARA;SHIPASBAMBA;1;;0;0;0
79;10311;AMAZONAS;BONGARA;VALERA;2;;1;0;1
79;10311;AMAZONAS;BONGARA;VALERA;1;;0;0;1
79;10311;AMAZONAS;BONGARA;VALERA;1;;0;0;0
79;10311;AMAZONAS;BONGARA;VALERA;2;;0;0;0
79;10311;AMAZONAS;BONGARA;VALERA;2;;0;0;0
84;10312;AMAZONAS;BONGARA;YAMBRASBAMBA;1;;0;0;0
84;10312;AMAZONAS;BONGARA;YAMBRASBAMBA;2;;0;0;0
84;10312;AMAZONAS;BONGARA;YAMBRASBAMBA;2;;1;0;1
84;10312;AMAZONAS;BONGARA;YAMBRASBAMBA;2;;0;0;0
84;10312;AMAZONAS;BONGARA;YAMBRASBAMBA;1;;0;1;1
84;10312;AMAZONAS;BONGARA;YAMBRASBAMBA;2;;0;0;0
87;10312;AMAZONAS;BONGARA;YAMBRASBAMBA;2;;1;0;1
87;10312;AMAZONAS;BONGARA;YAMBRASBAMBA;1;;0;0;1
87;10312;AMAZONAS;BONGARA;YAMBRASBAMBA;1;;0;0;0
87;10312;AMAZONAS;BONGARA;YAMBRASBAMBA;2;;0;0;1
87;10312;AMAZONAS;BONGARA;YAMBRASBAMBA;1;;0;0;1
87;10312;AMAZONAS;BONGARA;YAMBRASBAMBA;1;;0;0;0
95;160703;LORETO;DATEM DEL MARA헲N;MANSERICHE;2;;0;0;0
95;160703;LORETO;DATEM DEL MARA헲N;MANSERICHE;1;;0;0;0
95;160703;LORETO;DATEM DEL MARA헲N;MANSERICHE;2;;1;0;1
95;160703;LORETO;DATEM DEL MARA헲N;MANSERICHE;1;;0;0;0
119;10401;AMAZONAS;CONDORCANQUI;NIEVA;1;;0;0;1
119;10401;AMAZONAS;CONDORCANQUI;NIEVA;2;;1;0;1
119;10401;AMAZONAS;CONDORCANQUI;NIEVA;2;;0;0;0
119;10401;AMAZONAS;CONDORCANQUI;NIEVA;1;;0;0;0
123;10401;AMAZONAS;CONDORCANQUI;NIEVA;2;;1;0;1
123;10401;AMAZONAS;CONDORCANQUI;NIEVA;2;;0;0;0
123;10401;AMAZONAS;CONDORCANQUI;NIEVA;1;;0;0;0
132;60801;CAJAMARCA;JAEN;JAEN;2;;1;0;1
132;60801;CAJAMARCA;JAEN;JAEN;1;;0;0;0
132;60801;CAJAMARCA;JAEN;JAEN;1;;0;0;1
132;60801;CAJAMARCA;JAEN;JAEN;1;;0;0;0
132;60801;CAJAMARCA;JAEN;JAEN;1;;0;0;0
139;10402;AMAZONAS;CONDORCANQUI;EL CENEPA;2;;1;0;1
139;10402;AMAZONAS;CONDORCANQUI;EL CENEPA;1;;0;0;1
139;10402;AMAZONAS;CONDORCANQUI;EL CENEPA;2;;0;0;0
141;10402;AMAZONAS;CONDORCANQUI;EL CENEPA;1;;0;0;0
141;10402;AMAZONAS;CONDORCANQUI;EL CENEPA;1;;0;0;0
141;10402;AMAZONAS;CONDORCANQUI;EL CENEPA;2;;1;0;1
141;10402;AMAZONAS;CONDORCANQUI;EL CENEPA;2;;0;0;0
142;10402;AMAZONAS;CONDORCANQUI;EL CENEPA;1;;0;0;1
142;10402;AMAZONAS;CONDORCANQUI;EL CENEPA;1;;0;0;0
142;10402;AMAZONAS;CONDORCANQUI;EL CENEPA;2;;1;0;1
142;10402;AMAZONAS;CONDORCANQUI;EL CENEPA;2;;0;0;0
143;10402;AMAZONAS;CONDORCANQUI;EL CENEPA;2;;1;0;1
143;10402;AMAZONAS;CONDORCANQUI;EL CENEPA;1;;0;0;1
143;10402;AMAZONAS;CONDORCANQUI;EL CENEPA;1;;0;0;0
143;10402;AMAZONAS;CONDORCANQUI;EL CENEPA;2;;0;0;0
143;10402;AMAZONAS;CONDORCANQUI;EL CENEPA;2;;0;0;0
145;10402;AMAZONAS;CONDORCANQUI;EL CENEPA;2;;1;0;1
145;10402;AMAZONAS;CONDORCANQUI;EL CENEPA;1;;0;0;0
145;10402;AMAZONAS;CONDORCANQUI;EL CENEPA;2;;0;0;0
145;10402;AMAZONAS;CONDORCANQUI;EL CENEPA;2;;0;0;0
145;10402;AMAZONAS;CONDORCANQUI;EL CENEPA;1;;0;0;0
145;10402;AMAZONAS;CONDORCANQUI;EL CENEPA;1;;0;0;0
147;10402;AMAZONAS;CONDORCANQUI;EL CENEPA;1;;0;0;0
147;10402;AMAZONAS;CONDORCANQUI;EL CENEPA;2;;1;0;1
147;10402;AMAZONAS;CONDORCANQUI;EL CENEPA;2;;0;0;0
147;10402;AMAZONAS;CONDORCANQUI;EL CENEPA;1;;0;0;1
147;10402;AMAZONAS;CONDORCANQUI;EL CENEPA;2;;0;0;0
148;10402;AMAZONAS;CONDORCANQUI;EL CENEPA;1;;0;0;0
148;10402;AMAZONAS;CONDORCANQUI;EL CENEPA;1;;0;0;1
148;10402;AMAZONAS;CONDORCANQUI;EL CENEPA;1;;0;0;0
148;10402;AMAZONAS;CONDORCANQUI;EL CENEPA;2;;1;0;1
148;10402;AMAZONAS;CONDORCANQUI;EL CENEPA;1;;0;0;0
149;10402;AMAZONAS;CONDORCANQUI;EL CENEPA;2;;1;0;1
151;10402;AMAZONAS;CONDORCANQUI;EL CENEPA;1;;0;0;1
151;10402;AMAZONAS;CONDORCANQUI;EL CENEPA;1;;0;0;0
151;10402;AMAZONAS;CONDORCANQUI;EL CENEPA;2;;1;0;1
151;10402;AMAZONAS;CONDORCANQUI;EL CENEPA;1;;0;0;0
151;10402;AMAZONAS;CONDORCANQUI;EL CENEPA;1;;0;0;0
151;10402;AMAZONAS;CONDORCANQUI;EL CENEPA;2;;0;0;0
152;10402;AMAZONAS;CONDORCANQUI;EL CENEPA;2;;1;0;1
152;10402;AMAZONAS;CONDORCANQUI;EL CENEPA;1;;0;0;0
152;10402;AMAZONAS;CONDORCANQUI;EL CENEPA;1;;0;0;1
152;10402;AMAZONAS;CONDORCANQUI;EL CENEPA;1;;0;0;0
152;10402;AMAZONAS;CONDORCANQUI;EL CENEPA;1;;0;0;0
154;10205;AMAZONAS;BAGUA;IMAZA;2;;0;0;0
154;10205;AMAZONAS;BAGUA;IMAZA;2;;1;0;1
156;10402;AMAZONAS;CONDORCANQUI;EL CENEPA;1;;0;0;0
156;10402;AMAZONAS;CONDORCANQUI;EL CENEPA;2;;1;0;1
156;10402;AMAZONAS;CONDORCANQUI;EL CENEPA;1;;0;0;0
163;10402;AMAZONAS;CONDORCANQUI;EL CENEPA;1;;0;1;1
163;10402;AMAZONAS;CONDORCANQUI;EL CENEPA;1;;0;0;0
163;10402;AMAZONAS;CONDORCANQUI;EL CENEPA;2;;0;1;0
163;10402;AMAZONAS;CONDORCANQUI;EL CENEPA;2;;1;0;1
163;10402;AMAZONAS;CONDORCANQUI;EL CENEPA;1;;0;0;0
163;10402;AMAZONAS;CONDORCANQUI;EL CENEPA;2;;0;0;0
168;10403;AMAZONAS;CONDORCANQUI;RIO SANTIAGO;2;;0;0;0
168;10403;AMAZONAS;CONDORCANQUI;RIO SANTIAGO;2;;1;0;1
168;10403;AMAZONAS;CONDORCANQUI;RIO SANTIAGO;1;;0;0;1
168;10403;AMAZONAS;CONDORCANQUI;RIO SANTIAGO;1;;0;0;0
184;150123;LIMA;LIMA;PACHACAMAC;1;;0;0;1
184;150123;LIMA;LIMA;PACHACAMAC;1;;0;0;0
184;150123;LIMA;LIMA;PACHACAMAC;2;;0;0;0
184;150123;LIMA;LIMA;PACHACAMAC;2;;1;0;1
184;150123;LIMA;LIMA;PACHACAMAC;1;;0;0;0
184;150123;LIMA;LIMA;PACHACAMAC;1;;0;0;0
184;150123;LIMA;LIMA;PACHACAMAC;2;;0;0;0
184;150123;LIMA;LIMA;PACHACAMAC;1;;0;0;0
194;10511;AMAZONAS;LUYA;MARIA;2;;1;0;1
194;10511;AMAZONAS;LUYA;MARIA;1;;0;0;1
194;10511;AMAZONAS;LUYA;MARIA;2;;0;0;0
195;10511;AMAZONAS;LUYA;MARIA;1;;0;0;0
195;10511;AMAZONAS;LUYA;MARIA;1;;0;0;1
195;10511;AMAZONAS;LUYA;MARIA;1;;0;0;0
195;10511;AMAZONAS;LUYA;MARIA;2;;1;0;1
195;10511;AMAZONAS;LUYA;MARIA;1;;0;0;0
195;10511;AMAZONAS;LUYA;MARIA;2;;0;0;0
211;10512;AMAZONAS;LUYA;OCALLI;1;;0;0;0
211;10512;AMAZONAS;LUYA;OCALLI;2;;1;0;1
211;10512;AMAZONAS;LUYA;OCALLI;1;;0;0;0
212;10512;AMAZONAS;LUYA;OCALLI;1;;0;0;0
212;10512;AMAZONAS;LUYA;OCALLI;2;;1;0;1
212;10512;AMAZONAS;LUYA;OCALLI;1;;0;0;1
213;10512;AMAZONAS;LUYA;OCALLI;2;;0;0;0
213;10512;AMAZONAS;LUYA;OCALLI;2;;1;0;1
213;10512;AMAZONAS;LUYA;OCALLI;1;;0;0;1
213;10512;AMAZONAS;LUYA;OCALLI;1;;0;0;0
227;220803;SAN MARTIN;RIOJA;ELIAS SOPLIN VARGAS;2;;1;0;1
227;220803;SAN MARTIN;RIOJA;ELIAS SOPLIN VARGAS;2;;0;0;0
227;220803;SAN MARTIN;RIOJA;ELIAS SOPLIN VARGAS;2;;0;0;0
227;220803;SAN MARTIN;RIOJA;ELIAS SOPLIN VARGAS;1;;0;0;1
227;220803;SAN MARTIN;RIOJA;ELIAS SOPLIN VARGAS;1;;0;0;0
227;220803;SAN MARTIN;RIOJA;ELIAS SOPLIN VARGAS;1;;0;0;0
234;220803;SAN MARTIN;RIOJA;ELIAS SOPLIN VARGAS;2;;1;0;1
234;220803;SAN MARTIN;RIOJA;ELIAS SOPLIN VARGAS;1;;0;0;1
234;220803;SAN MARTIN;RIOJA;ELIAS SOPLIN VARGAS;2;;0;0;1
234;220803;SAN MARTIN;RIOJA;ELIAS SOPLIN VARGAS;2;;0;0;0
244;160605;LORETO;UCAYALI;SARAYACU;2;;1;0;1
244;160605;LORETO;UCAYALI;SARAYACU;1;;0;0;0
244;160605;LORETO;UCAYALI;SARAYACU;1;;0;0;1
244;160605;LORETO;UCAYALI;SARAYACU;2;;0;0;0
252;150132;LIMA;LIMA;SAN JUAN DE LURIGANCHO;1;;0;0;1
252;150132;LIMA;LIMA;SAN JUAN DE LURIGANCHO;1;;0;0;1
252;150132;LIMA;LIMA;SAN JUAN DE LURIGANCHO;2;;0;0;0
252;150132;LIMA;LIMA;SAN JUAN DE LURIGANCHO;2;;1;0;1
255;10521;AMAZONAS;LUYA;SANTO TOMAS;1;;0;0;1
255;10521;AMAZONAS;LUYA;SANTO TOMAS;2;;1;0;1
255;10521;AMAZONAS;LUYA;SANTO TOMAS;1;;0;0;0
256;10101;AMAZONAS;CHACHAPOYAS;CHACHAPOYAS;1; ;1;0;1
264;10612;AMAZONAS;RODRIGUEZ DE MENDOZA;VISTA ALEGRE;1;;0;0;1
264;10612;AMAZONAS;RODRIGUEZ DE MENDOZA;VISTA ALEGRE;2;;0;0;0
264;10612;AMAZONAS;RODRIGUEZ DE MENDOZA;VISTA ALEGRE;1;;0;0;0
264;10612;AMAZONAS;RODRIGUEZ DE MENDOZA;VISTA ALEGRE;2;;1;0;1
264;10612;AMAZONAS;RODRIGUEZ DE MENDOZA;VISTA ALEGRE;2;;0;0;0
264;10612;AMAZONAS;RODRIGUEZ DE MENDOZA;VISTA ALEGRE;1;;0;0;0
271;10703;AMAZONAS;UTCUBAMBA;CUMBA;2;;0;0;0
271;10703;AMAZONAS;UTCUBAMBA;CUMBA;2;;0;0;0
271;10703;AMAZONAS;UTCUBAMBA;CUMBA;1;;0;0;1
271;10703;AMAZONAS;UTCUBAMBA;CUMBA;2;;1;0;1
271;10703;AMAZONAS;UTCUBAMBA;CUMBA;1;;0;0;0
279;10703;AMAZONAS;UTCUBAMBA;CUMBA;1;;0;0;0
279;10703;AMAZONAS;UTCUBAMBA;CUMBA;1;;0;0;1
279;10703;AMAZONAS;UTCUBAMBA;CUMBA;2;;0;0;0
279;10703;AMAZONAS;UTCUBAMBA;CUMBA;2;;1;0;1
279;10703;AMAZONAS;UTCUBAMBA;CUMBA;2;;0;0;0
281;10703;AMAZONAS;UTCUBAMBA;CUMBA;1;;0;0;0
281;10703;AMAZONAS;UTCUBAMBA;CUMBA;1;;0;0;1
281;10703;AMAZONAS;UTCUBAMBA;CUMBA;2;;1;0;1
281;10703;AMAZONAS;UTCUBAMBA;CUMBA;1;;0;0;0
282;10703;AMAZONAS;UTCUBAMBA;CUMBA;2;;1;0;1
282;10703;AMAZONAS;UTCUBAMBA;CUMBA;2;;0;0;0
287;10706;AMAZONAS;UTCUBAMBA;LONYA GRANDE;1;;0;0;0
287;10706;AMAZONAS;UTCUBAMBA;LONYA GRANDE;1;;0;0;0
287;10706;AMAZONAS;UTCUBAMBA;LONYA GRANDE;2;;1;0;1
287;10706;AMAZONAS;UTCUBAMBA;LONYA GRANDE;1;;0;0;1
287;10706;AMAZONAS;UTCUBAMBA;LONYA GRANDE;2;;0;0;0
305;20110;ANCASH;HUARAZ;PARIACOTO;1;;0;0;1
305;20110;ANCASH;HUARAZ;PARIACOTO;2;;0;0;0
305;20110;ANCASH;HUARAZ;PARIACOTO;2;;1;0;1
305;20110;ANCASH;HUARAZ;PARIACOTO;1;;0;0;0
305;20110;ANCASH;HUARAZ;PARIACOTO;2;;0;0;0
305;20110;ANCASH;HUARAZ;PARIACOTO;1;;0;0;0
310;20110;ANCASH;HUARAZ;PARIACOTO;2;;0;0;0
310;20110;ANCASH;HUARAZ;PARIACOTO;2;;1;0;1
310;20110;ANCASH;HUARAZ;PARIACOTO;1;;0;0;1
310;20110;ANCASH;HUARAZ;PARIACOTO;2;;0;0;0
315;20302;ANCASH;ANTONIO RAYMONDI;ACZO;1;;0;0;1
315;20302;ANCASH;ANTONIO RAYMONDI;ACZO;2;;0;0;0
315;20302;ANCASH;ANTONIO RAYMONDI;ACZO;2;;1;0;1
316;20302;ANCASH;ANTONIO RAYMONDI;ACZO;2;;1;0;1
316;20302;ANCASH;ANTONIO RAYMONDI;ACZO;2;;0;0;0
316;20302;ANCASH;ANTONIO RAYMONDI;ACZO;1;;0;0;1
316;20302;ANCASH;ANTONIO RAYMONDI;ACZO;1;;0;0;0
316;20302;ANCASH;ANTONIO RAYMONDI;ACZO;1;;0;1;0
322;150605;LIMA;HUARAL;CHANCAY;2;;0;0;0
322;150605;LIMA;HUARAL;CHANCAY;1;;0;0;1
322;150605;LIMA;HUARAL;CHANCAY;2;;1;0;1
330;20304;ANCASH;ANTONIO RAYMONDI;CHINGAS;2;;1;0;1
330;20304;ANCASH;ANTONIO RAYMONDI;CHINGAS;1;;0;0;0
330;20304;ANCASH;ANTONIO RAYMONDI;CHINGAS;2;;0;0;0
332;20304;ANCASH;ANTONIO RAYMONDI;CHINGAS;2;;1;0;1
332;20304;ANCASH;ANTONIO RAYMONDI;CHINGAS;2;;0;0;0
332;20304;ANCASH;ANTONIO RAYMONDI;CHINGAS;1;;0;0;1
332;20304;ANCASH;ANTONIO RAYMONDI;CHINGAS;1;;0;0;0
336;20304;ANCASH;ANTONIO RAYMONDI;CHINGAS;2;;1;0;1
336;20304;ANCASH;ANTONIO RAYMONDI;CHINGAS;1;;0;0;1
336;20304;ANCASH;ANTONIO RAYMONDI;CHINGAS;2;;0;0;0
338;20304;ANCASH;ANTONIO RAYMONDI;CHINGAS;2;;0;0;0
338;20304;ANCASH;ANTONIO RAYMONDI;CHINGAS;2;;1;0;1
338;20304;ANCASH;ANTONIO RAYMONDI;CHINGAS;1;;0;0;1
343;20304;ANCASH;ANTONIO RAYMONDI;CHINGAS;2;;1;0;1
343;20304;ANCASH;ANTONIO RAYMONDI;CHINGAS;1;;0;0;1
343;20304;ANCASH;ANTONIO RAYMONDI;CHINGAS;2;;0;0;0
343;20304;ANCASH;ANTONIO RAYMONDI;CHINGAS;2;;0;0;0
347;20305;ANCASH;ANTONIO RAYMONDI;MIRGAS;2;;1;0;1
347;20305;ANCASH;ANTONIO RAYMONDI;MIRGAS;2;;0;0;0
347;20305;ANCASH;ANTONIO RAYMONDI;MIRGAS;1;;0;0;1
347;20305;ANCASH;ANTONIO RAYMONDI;MIRGAS;1;;0;0;0
354;150605;LIMA;HUARAL;CHANCAY;2;;1;0;1
354;150605;LIMA;HUARAL;CHANCAY;1;;0;0;1
354;150605;LIMA;HUARAL;CHANCAY;1;;0;0;0
354;150605;LIMA;HUARAL;CHANCAY;1;;0;0;0
354;150605;LIMA;HUARAL;CHANCAY;2;;0;0;0
354;150605;LIMA;HUARAL;CHANCAY;2;;0;0;0
360;150142;LIMA;LIMA;VILLA EL SALVADOR;2;;0;0;0
360;150142;LIMA;LIMA;VILLA EL SALVADOR;1;;0;0;0
360;150142;LIMA;LIMA;VILLA EL SALVADOR;2;;1;0;1
375;20604;ANCASH;CARHUAZ;ANTA;1;;0;0;0
375;20604;ANCASH;CARHUAZ;ANTA;2;;1;0;1
375;20604;ANCASH;CARHUAZ;ANTA;1;;0;0;0
386;20606;ANCASH;CARHUAZ;MARCARA;1;;0;0;1
386;20606;ANCASH;CARHUAZ;MARCARA;1;;0;0;0
386;20606;ANCASH;CARHUAZ;MARCARA;2;;1;0;1
386;20606;ANCASH;CARHUAZ;MARCARA;1;;0;0;0
390;20606;ANCASH;CARHUAZ;MARCARA;2;;1;0;1
390;20606;ANCASH;CARHUAZ;MARCARA;1;;0;0;1
390;20606;ANCASH;CARHUAZ;MARCARA;2;;0;0;0
390;20606;ANCASH;CARHUAZ;MARCARA;2;;0;0;0
391;20607;ANCASH;CARHUAZ;PARIAHUANCA;1;;0;0;0
391;20607;ANCASH;CARHUAZ;PARIAHUANCA;2;;1;0;1
391;20607;ANCASH;CARHUAZ;PARIAHUANCA;1;;0;0;1
391;20607;ANCASH;CARHUAZ;PARIAHUANCA;2;;0;0;0
397;20703;ANCASH;CARLOS FERMIN FITZCARRALD;YAUYA;2;;1;0;1
397;20703;ANCASH;CARLOS FERMIN FITZCARRALD;YAUYA;1;;0;0;0
397;20703;ANCASH;CARLOS FERMIN FITZCARRALD;YAUYA;1;;0;0;1
397;20703;ANCASH;CARLOS FERMIN FITZCARRALD;YAUYA;1;;0;0;0
397;20703;ANCASH;CARLOS FERMIN FITZCARRALD;YAUYA;1;;0;0;0
409;20701;ANCASH;CARLOS FERMIN FITZCARRALD;SAN LUIS;2;;0;0;0
409;20701;ANCASH;CARLOS FERMIN FITZCARRALD;SAN LUIS;1;;0;0;0
409;20701;ANCASH;CARLOS FERMIN FITZCARRALD;SAN LUIS;2;;1;0;1
419;20802;ANCASH;CASMA;BUENA VISTA ALTA;2;;0;0;0
419;20802;ANCASH;CASMA;BUENA VISTA ALTA;1;;0;0;1
419;20802;ANCASH;CASMA;BUENA VISTA ALTA;2;;1;0;1
432;20802;ANCASH;CASMA;BUENA VISTA ALTA;2;;0;0;0
432;20802;ANCASH;CASMA;BUENA VISTA ALTA;2;;0;0;0
432;20802;ANCASH;CASMA;BUENA VISTA ALTA;1;;0;0;1
432;20802;ANCASH;CASMA;BUENA VISTA ALTA;2;;1;0;1
443;20804;ANCASH;CASMA;YAUTAN;2;;0;0;1
443;20804;ANCASH;CASMA;YAUTAN;1;;0;0;0
443;20804;ANCASH;CASMA;YAUTAN;1;;0;0;1
443;20804;ANCASH;CASMA;YAUTAN;2;;1;0;1
443;20804;ANCASH;CASMA;YAUTAN;2;;0;0;0
452;20804;ANCASH;CASMA;YAUTAN;2;;1;0;1
452;20804;ANCASH;CASMA;YAUTAN;1;;0;0;1
452;20804;ANCASH;CASMA;YAUTAN;2;;0;0;0
461;21003;ANCASH;HUARI;CAJAY;2;;1;0;1
461;21003;ANCASH;HUARI;CAJAY;1;;0;0;1
461;21003;ANCASH;HUARI;CAJAY;2;;0;0;0
461;21003;ANCASH;HUARI;CAJAY;1;;0;0;0
461;21003;ANCASH;HUARI;CAJAY;2;;0;0;0
476;150806;LIMA;HUAURA;HUAURA;2;;0;0;0
476;150806;LIMA;HUAURA;HUAURA;2;;0;0;0
476;150806;LIMA;HUAURA;HUAURA;1;;0;0;1
476;150806;LIMA;HUAURA;HUAURA;2;;1;0;1
476;150806;LIMA;HUAURA;HUAURA;2;;0;0;0
479;150201;LIMA;BARRANCA;BARRANCA;1;;0;0;0
479;150201;LIMA;BARRANCA;BARRANCA;1;;0;0;0
479;150201;LIMA;BARRANCA;BARRANCA;2;;1;0;1
479;150201;LIMA;BARRANCA;BARRANCA;1;;0;0;1
486;21004;ANCASH;HUARI;CHAVIN DE HUANTAR;1;;0;0;1
486;21004;ANCASH;HUARI;CHAVIN DE HUANTAR;1;;0;0;0
486;21004;ANCASH;HUARI;CHAVIN DE HUANTAR;2;;0;0;0
486;21004;ANCASH;HUARI;CHAVIN DE HUANTAR;1;;0;0;0
486;21004;ANCASH;HUARI;CHAVIN DE HUANTAR;1;;0;0;0
486;21004;ANCASH;HUARI;CHAVIN DE HUANTAR;2;;1;0;1
493;21004;ANCASH;HUARI;CHAVIN DE HUANTAR;2;;1;0;1
493;21004;ANCASH;HUARI;CHAVIN DE HUANTAR;1;;0;0;0
493;21004;ANCASH;HUARI;CHAVIN DE HUANTAR;1;;0;0;1
493;21004;ANCASH;HUARI;CHAVIN DE HUANTAR;2;;0;0;0
507;150810;LIMA;HUAURA;SANTA MARIA;1;;0;0;0
507;150810;LIMA;HUAURA;SANTA MARIA;2;;0;0;0
507;150810;LIMA;HUAURA;SANTA MARIA;1;;0;0;1
507;150810;LIMA;HUAURA;SANTA MARIA;1;;0;0;0
507;150810;LIMA;HUAURA;SANTA MARIA;2;;1;0;1
513;21005;ANCASH;HUARI;HUACACHI;2;;1;0;1
513;21005;ANCASH;HUARI;HUACACHI;1;;0;0;1
513;21005;ANCASH;HUARI;HUACACHI;1;;0;0;0
518;21007;ANCASH;HUARI;HUACHIS;1;;0;0;0
518;21007;ANCASH;HUARI;HUACHIS;2;;0;0;0
518;21007;ANCASH;HUARI;HUACHIS;2;;1;0;1
518;21007;ANCASH;HUARI;HUACHIS;1;;0;0;0
520;21007;ANCASH;HUARI;HUACHIS;1;;0;0;1
520;21007;ANCASH;HUARI;HUACHIS;2;;1;0;1
520;21007;ANCASH;HUARI;HUACHIS;1;;0;0;0
530;21012;ANCASH;HUARI;RAHUAPAMPA;2;;0;0;0
530;21012;ANCASH;HUARI;RAHUAPAMPA;2;;1;0;1
530;21012;ANCASH;HUARI;RAHUAPAMPA;2;;0;0;0
531;150810;LIMA;HUAURA;SANTA MARIA;2;;1;0;1
531;150810;LIMA;HUAURA;SANTA MARIA;1;;0;0;1
531;150810;LIMA;HUAURA;SANTA MARIA;1;;0;0;0
531;150810;LIMA;HUAURA;SANTA MARIA;2;;0;0;0
531;150810;LIMA;HUAURA;SANTA MARIA;1;;0;0;0
532;21007;ANCASH;HUARI;HUACHIS;1;;1;0;1
532;21007;ANCASH;HUARI;HUACHIS;1;;0;0;0
534;150205;LIMA;BARRANCA;SUPE PUERTO;2;;1;0;1
534;150205;LIMA;BARRANCA;SUPE PUERTO;1;;0;0;0
534;150205;LIMA;BARRANCA;SUPE PUERTO;2;;0;0;0
534;150205;LIMA;BARRANCA;SUPE PUERTO;2;;0;0;0
541;21008;ANCASH;HUARI;HUANTAR;2;;1;0;1
541;21008;ANCASH;HUARI;HUANTAR;2;;0;0;0
541;21008;ANCASH;HUARI;HUANTAR;1;;0;0;1
541;21008;ANCASH;HUARI;HUANTAR;1;;0;0;0
551;21009;ANCASH;HUARI;MASIN;1;;0;0;0
551;21009;ANCASH;HUARI;MASIN;2;;0;0;1
551;21009;ANCASH;HUARI;MASIN;2;;0;0;0
551;21009;ANCASH;HUARI;MASIN;1;;0;0;1
551;21009;ANCASH;HUARI;MASIN;2;;1;0;1
554;21009;ANCASH;HUARI;MASIN;2;;1;0;1
554;21009;ANCASH;HUARI;MASIN;1;;0;0;0
558;21009;ANCASH;HUARI;MASIN;2;;0;0;0
558;21009;ANCASH;HUARI;MASIN;2;;0;0;0
558;21009;ANCASH;HUARI;MASIN;2;;1;0;1
558;21009;ANCASH;HUARI;MASIN;1;;0;0;1
560;21009;ANCASH;HUARI;MASIN;2;;1;0;1
560;21009;ANCASH;HUARI;MASIN;1;;0;0;0
560;21009;ANCASH;HUARI;MASIN;2;;0;0;0
564;150812;LIMA;HUAURA;VEGUETA;2;;1;0;1
564;150812;LIMA;HUAURA;VEGUETA;1;;0;0;1
564;150812;LIMA;HUAURA;VEGUETA;1;;0;0;0
564;150812;LIMA;HUAURA;VEGUETA;1;;0;0;0
566;20105;ANCASH;HUARAZ;INDEPENDENCIA;1;;0;0;0
566;20105;ANCASH;HUARAZ;INDEPENDENCIA;2;;1;0;1
566;20105;ANCASH;HUARAZ;INDEPENDENCIA;1;;0;0;1
566;20105;ANCASH;HUARAZ;INDEPENDENCIA;1;;0;0;0
573;21010;ANCASH;HUARI;PAUCAS;1;;0;0;0
573;21010;ANCASH;HUARI;PAUCAS;2;;1;0;1
573;21010;ANCASH;HUARI;PAUCAS;1;;0;0;0
574;21010;ANCASH;HUARI;PAUCAS;2;;1;0;1
574;21010;ANCASH;HUARI;PAUCAS;2;;0;0;0
574;21010;ANCASH;HUARI;PAUCAS;2;;0;0;0
574;21010;ANCASH;HUARI;PAUCAS;1;;0;0;0
574;21010;ANCASH;HUARI;PAUCAS;2;;0;0;0
574;21010;ANCASH;HUARI;PAUCAS;1;;0;0;0
575;21010;ANCASH;HUARI;PAUCAS;2;;1;0;1
575;21010;ANCASH;HUARI;PAUCAS;2;;0;0;0
575;21010;ANCASH;HUARI;PAUCAS;1;;0;0;0
575;21010;ANCASH;HUARI;PAUCAS;1;;0;0;1
575;21010;ANCASH;HUARI;PAUCAS;2;;0;0;0
575;21010;ANCASH;HUARI;PAUCAS;2;;0;0;0
576;21010;ANCASH;HUARI;PAUCAS;2;;1;0;1
576;21010;ANCASH;HUARI;PAUCAS;1;;0;0;0
576;21010;ANCASH;HUARI;PAUCAS;2;;0;0;0
577;21010;ANCASH;HUARI;PAUCAS;2;;1;0;1
577;21010;ANCASH;HUARI;PAUCAS;2;;0;0;0
577;21010;ANCASH;HUARI;PAUCAS;1;;0;0;1
577;21010;ANCASH;HUARI;PAUCAS;1;;0;0;0
585;21011;ANCASH;HUARI;PONTO;1;;0;0;0
585;21011;ANCASH;HUARI;PONTO;2;;1;0;1
595;21014;ANCASH;HUARI;SAN MARCOS;1;;0;0;1
595;21014;ANCASH;HUARI;SAN MARCOS;2;;0;0;0
595;21014;ANCASH;HUARI;SAN MARCOS;1;;0;0;0
595;21014;ANCASH;HUARI;SAN MARCOS;2;;0;0;0
595;21014;ANCASH;HUARI;SAN MARCOS;2;;1;0;1
597;21014;ANCASH;HUARI;SAN MARCOS;1;;0;0;0
597;21014;ANCASH;HUARI;SAN MARCOS;1;;0;0;1
597;21014;ANCASH;HUARI;SAN MARCOS;2;;1;0;1
600;21014;ANCASH;HUARI;SAN MARCOS;2;;1;0;1
600;21014;ANCASH;HUARI;SAN MARCOS;1;;0;0;1
600;21014;ANCASH;HUARI;SAN MARCOS;2;;0;0;0
603;21601;ANCASH;POMABAMBA;POMABAMBA;1;;0;0;0
603;21601;ANCASH;POMABAMBA;POMABAMBA;2;;0;0;0
603;21601;ANCASH;POMABAMBA;POMABAMBA;1;;0;0;1
603;21601;ANCASH;POMABAMBA;POMABAMBA;2;;1;0;1
607;21014;ANCASH;HUARI;SAN MARCOS;1;;0;0;1
607;21014;ANCASH;HUARI;SAN MARCOS;2;;1;0;1
607;21014;ANCASH;HUARI;SAN MARCOS;2;;0;0;0
607;21014;ANCASH;HUARI;SAN MARCOS;1;;0;0;0
630;150605;LIMA;HUARAL;CHANCAY;1;;0;0;0
630;150605;LIMA;HUARAL;CHANCAY;2;;1;0;1
630;150605;LIMA;HUARAL;CHANCAY;1;;0;0;1
630;150605;LIMA;HUARAL;CHANCAY;1;;0;0;0
645;150123;LIMA;LIMA;PACHACAMAC;1;;0;0;0
645;150123;LIMA;LIMA;PACHACAMAC;1;;0;0;1
645;150123;LIMA;LIMA;PACHACAMAC;1;;0;0;0
645;150123;LIMA;LIMA;PACHACAMAC;2;;1;0;1
647;21014;ANCASH;HUARI;SAN MARCOS;2;;1;0;1
647;21014;ANCASH;HUARI;SAN MARCOS;2;;0;0;1
647;21014;ANCASH;HUARI;SAN MARCOS;1;;0;0;0
647;21014;ANCASH;HUARI;SAN MARCOS;1;;0;0;0
653;21004;ANCASH;HUARI;CHAVIN DE HUANTAR;1;;0;0;0
653;21004;ANCASH;HUARI;CHAVIN DE HUANTAR;1;;0;0;1
653;21004;ANCASH;HUARI;CHAVIN DE HUANTAR;1;;0;0;0
653;21004;ANCASH;HUARI;CHAVIN DE HUANTAR;2;;1;0;1
670;150205;LIMA;BARRANCA;SUPE PUERTO;1;;0;0;1
670;150205;LIMA;BARRANCA;SUPE PUERTO;2;;0;0;0
670;150205;LIMA;BARRANCA;SUPE PUERTO;2;;0;0;0
670;150205;LIMA;BARRANCA;SUPE PUERTO;1;;0;0;0
670;150205;LIMA;BARRANCA;SUPE PUERTO;2;;1;0;1
670;150205;LIMA;BARRANCA;SUPE PUERTO;1;;0;0;0
673;150811;LIMA;HUAURA;SAYAN;2;;0;0;0
673;150811;LIMA;HUAURA;SAYAN;1;;0;0;1
673;150811;LIMA;HUAURA;SAYAN;2;;1;0;1
680;150135;LIMA;LIMA;SAN MARTIN DE PORRES;2;;1;0;1
680;150135;LIMA;LIMA;SAN MARTIN DE PORRES;2;;0;0;0
680;150135;LIMA;LIMA;SAN MARTIN DE PORRES;1;;0;0;0
715;21103;ANCASH;HUARMEY;CULEBRAS;2;;1;0;1
715;21103;ANCASH;HUARMEY;CULEBRAS;1;;0;0;0
715;21103;ANCASH;HUARMEY;CULEBRAS;1;;0;0;1
715;21103;ANCASH;HUARMEY;CULEBRAS;2;;0;0;0
723;21101;ANCASH;HUARMEY;HUARMEY;2;;0;0;0
723;21101;ANCASH;HUARMEY;HUARMEY;2;;1;0;1
723;21101;ANCASH;HUARMEY;HUARMEY;1;;0;0;0
723;21101;ANCASH;HUARMEY;HUARMEY;1;;0;0;0
726;21101;ANCASH;HUARMEY;HUARMEY;2;;1;0;1
726;21101;ANCASH;HUARMEY;HUARMEY;1;;0;0;0
726;21101;ANCASH;HUARMEY;HUARMEY;2;;0;0;0
726;21101;ANCASH;HUARMEY;HUARMEY;1;;0;0;0
726;21101;ANCASH;HUARMEY;HUARMEY;1;;0;0;0
726;21101;ANCASH;HUARMEY;HUARMEY;2;;0;0;0
726;21101;ANCASH;HUARMEY;HUARMEY;2;;0;0;0
727;21103;ANCASH;HUARMEY;CULEBRAS;2;;1;0;1
727;21103;ANCASH;HUARMEY;CULEBRAS;2;;0;0;0
727;21103;ANCASH;HUARMEY;CULEBRAS;2;;0;0;0
727;21103;ANCASH;HUARMEY;CULEBRAS;1;;0;0;1
733;21205;ANCASH;HUAYLAS;MATO;2;;1;0;1
733;21205;ANCASH;HUAYLAS;MATO;1;;0;0;0
733;21205;ANCASH;HUAYLAS;MATO;1;;0;0;1
733;21205;ANCASH;HUAYLAS;MATO;2;;0;0;0
733;21205;ANCASH;HUAYLAS;MATO;1;;0;0;0
734;70106;CALLAO;CALLAO;VENTANILLA;2;;0;0;0
734;70106;CALLAO;CALLAO;VENTANILLA;2;;0;0;0
734;70106;CALLAO;CALLAO;VENTANILLA;2;;1;0;1
736;21205;ANCASH;HUAYLAS;MATO;1;;0;0;0
736;21205;ANCASH;HUAYLAS;MATO;1;;0;0;0
736;21205;ANCASH;HUAYLAS;MATO;2;;1;0;1
736;21205;ANCASH;HUAYLAS;MATO;1;;0;0;1
747;21302;ANCASH;MARISCAL LUZURIAGA;CASCA;2;;1;0;1
747;21302;ANCASH;MARISCAL LUZURIAGA;CASCA;1;;0;0;1
747;21302;ANCASH;MARISCAL LUZURIAGA;CASCA;1;;0;0;0
747;21302;ANCASH;MARISCAL LUZURIAGA;CASCA;2;;0;0;0
747;21302;ANCASH;MARISCAL LUZURIAGA;CASCA;1;;0;0;0
747;21302;ANCASH;MARISCAL LUZURIAGA;CASCA;2;;0;0;0
747;21302;ANCASH;MARISCAL LUZURIAGA;CASCA;2;;0;0;0
747;21302;ANCASH;MARISCAL LUZURIAGA;CASCA;1;;0;0;0
747;21302;ANCASH;MARISCAL LUZURIAGA;CASCA;2;;0;0;0
768;21306;ANCASH;MARISCAL LUZURIAGA;LLUMPA;2;;1;0;1
768;21306;ANCASH;MARISCAL LUZURIAGA;LLUMPA;1;;0;0;0
768;21306;ANCASH;MARISCAL LUZURIAGA;LLUMPA;1;;0;0;1
768;21306;ANCASH;MARISCAL LUZURIAGA;LLUMPA;1;;0;0;0
768;21306;ANCASH;MARISCAL LUZURIAGA;LLUMPA;1;;0;0;0
776;20801;ANCASH;CASMA;CASMA;2;;1;0;1
776;20801;ANCASH;CASMA;CASMA;1;;0;0;0
776;20801;ANCASH;CASMA;CASMA;1;;0;0;1
784;21503;ANCASH;PALLASCA;CONCHUCOS;1;;0;0;0
784;21503;ANCASH;PALLASCA;CONCHUCOS;2;;1;0;1
784;21503;ANCASH;PALLASCA;CONCHUCOS;2;;0;0;0
788;21503;ANCASH;PALLASCA;CONCHUCOS;1;;0;0;1
788;21503;ANCASH;PALLASCA;CONCHUCOS;2;;1;0;1
788;21503;ANCASH;PALLASCA;CONCHUCOS;2;;0;0;0
792;21507;ANCASH;PALLASCA;LLAPO;2;;1;0;1
792;21507;ANCASH;PALLASCA;LLAPO;1;;0;0;1
792;21507;ANCASH;PALLASCA;LLAPO;2;;0;0;1
792;21507;ANCASH;PALLASCA;LLAPO;2;;0;0;0
792;21507;ANCASH;PALLASCA;LLAPO;1;;0;0;0
820;21603;ANCASH;POMABAMBA;PAROBAMBA;2;;1;0;1
820;21603;ANCASH;POMABAMBA;PAROBAMBA;2;;0;0;0
820;21603;ANCASH;POMABAMBA;PAROBAMBA;1;;0;0;1
820;21603;ANCASH;POMABAMBA;PAROBAMBA;1;;0;0;0
846;21701;ANCASH;RECUAY;RECUAY;2;;0;0;0
846;21701;ANCASH;RECUAY;RECUAY;1;;0;0;0
846;21701;ANCASH;RECUAY;RECUAY;2;;1;0;1
846;21701;ANCASH;RECUAY;RECUAY;1;;0;0;1
846;21701;ANCASH;RECUAY;RECUAY;2;;0;0;0
849;21701;ANCASH;RECUAY;RECUAY;2;;1;0;1
849;21701;ANCASH;RECUAY;RECUAY;1;;0;0;1
849;21701;ANCASH;RECUAY;RECUAY;2;;0;0;0
849;21701;ANCASH;RECUAY;RECUAY;1;;0;0;0
859;21705;ANCASH;RECUAY;LLACLLIN;2;;1;0;1
859;21705;ANCASH;RECUAY;LLACLLIN;1;;0;0;0
860;21705;ANCASH;RECUAY;LLACLLIN;2;;0;0;0
860;21705;ANCASH;RECUAY;LLACLLIN;2;;1;0;1
860;21705;ANCASH;RECUAY;LLACLLIN;1;;0;0;0
862;21705;ANCASH;RECUAY;LLACLLIN;2;;1;0;1
862;21705;ANCASH;RECUAY;LLACLLIN;1;;0;0;1
862;21705;ANCASH;RECUAY;LLACLLIN;2;;0;0;0
862;21705;ANCASH;RECUAY;LLACLLIN;1;;0;0;0
865;21707;ANCASH;RECUAY;PAMPAS CHICO;1;;0;0;1
865;21707;ANCASH;RECUAY;PAMPAS CHICO;2;;0;0;0
865;21707;ANCASH;RECUAY;PAMPAS CHICO;1;;0;0;0
865;21707;ANCASH;RECUAY;PAMPAS CHICO;2;;1;0;1
865;21707;ANCASH;RECUAY;PAMPAS CHICO;2;;0;0;0
865;21707;ANCASH;RECUAY;PAMPAS CHICO;2;;0;0;0
867;21809;ANCASH;SANTA;NUEVO CHIMBOTE;2;;1;0;1
867;21809;ANCASH;SANTA;NUEVO CHIMBOTE;2;;0;0;1
867;21809;ANCASH;SANTA;NUEVO CHIMBOTE;1;;0;0;1
867;21809;ANCASH;SANTA;NUEVO CHIMBOTE;1;;0;0;0
867;21809;ANCASH;SANTA;NUEVO CHIMBOTE;1;;0;0;0
867;21809;ANCASH;SANTA;NUEVO CHIMBOTE;1;;0;0;0
867;21809;ANCASH;SANTA;NUEVO CHIMBOTE;1;;0;0;0
878;21804;ANCASH;SANTA;MACATE;1;;0;0;0
878;21804;ANCASH;SANTA;MACATE;2;;1;0;1
893;21804;ANCASH;SANTA;MACATE;1;;0;0;1
893;21804;ANCASH;SANTA;MACATE;2;;0;0;0
893;21804;ANCASH;SANTA;MACATE;1;;0;0;0
893;21804;ANCASH;SANTA;MACATE;2;;1;0;1
900;21809;ANCASH;SANTA;NUEVO CHIMBOTE;1;;0;0;1
900;21809;ANCASH;SANTA;NUEVO CHIMBOTE;1;;0;0;0
900;21809;ANCASH;SANTA;NUEVO CHIMBOTE;2;;0;0;0
900;21809;ANCASH;SANTA;NUEVO CHIMBOTE;2;;0;0;0
900;21809;ANCASH;SANTA;NUEVO CHIMBOTE;1;;0;0;0
900;21809;ANCASH;SANTA;NUEVO CHIMBOTE;2;;1;0;1
908;21804;ANCASH;SANTA;MACATE;2;;1;0;1
908;21804;ANCASH;SANTA;MACATE;2;;0;0;0
908;21804;ANCASH;SANTA;MACATE;1;;0;0;1
908;21804;ANCASH;SANTA;MACATE;2;;0;0;0
916;21803;ANCASH;SANTA;COISHCO;2;;1;0;1
916;21803;ANCASH;SANTA;COISHCO;1;;0;0;1
916;21803;ANCASH;SANTA;COISHCO;2;;0;0;0
916;21803;ANCASH;SANTA;COISHCO;2;;0;0;0
923;21901;ANCASH;SIHUAS;SIHUAS;2;;1;0;1
923;21901;ANCASH;SIHUAS;SIHUAS;1;;0;0;1
923;21901;ANCASH;SIHUAS;SIHUAS;1;;0;0;0
923;21901;ANCASH;SIHUAS;SIHUAS;2;;0;0;0
926;21907;ANCASH;SIHUAS;QUICHES;1;;0;0;0
926;21907;ANCASH;SIHUAS;QUICHES;1;;0;0;1
926;21907;ANCASH;SIHUAS;QUICHES;2;;1;0;1
961;22005;ANCASH;YUNGAY;QUILLO;2;;1;0;1
961;22005;ANCASH;YUNGAY;QUILLO;1;;0;0;0
961;22005;ANCASH;YUNGAY;QUILLO;2;;0;0;0
965;20515;ANCASH;BOLOGNESI;TICLLOS;2;;0;0;0
965;20515;ANCASH;BOLOGNESI;TICLLOS;1;;0;0;0
965;20515;ANCASH;BOLOGNESI;TICLLOS;2;;1;0;1
965;20515;ANCASH;BOLOGNESI;TICLLOS;1;;0;0;1
977;150203;LIMA;BARRANCA;PATIVILCA;2;;1;0;1
977;150203;LIMA;BARRANCA;PATIVILCA;1;;0;0;0
977;150203;LIMA;BARRANCA;PATIVILCA;2;;0;0;0
977;150203;LIMA;BARRANCA;PATIVILCA;2;;0;0;0
978;30102;APURIMAC;ABANCAY;CHACOCHE;2;;1;0;1
978;30102;APURIMAC;ABANCAY;CHACOCHE;1;;0;0;0
981;30102;APURIMAC;ABANCAY;CHACOCHE;1;;1;0;1
991;30104;APURIMAC;ABANCAY;CURAHUASI;2;;1;0;1
991;30104;APURIMAC;ABANCAY;CURAHUASI;2;;0;0;0
992;30104;APURIMAC;ABANCAY;CURAHUASI;2;;1;0;1
992;30104;APURIMAC;ABANCAY;CURAHUASI;1;;0;0;1
992;30104;APURIMAC;ABANCAY;CURAHUASI;1;;0;0;0
992;30104;APURIMAC;ABANCAY;CURAHUASI;2;;0;0;0
1006;30104;APURIMAC;ABANCAY;CURAHUASI;1;;0;0;1
1006;30104;APURIMAC;ABANCAY;CURAHUASI;2;;1;0;1
1006;30104;APURIMAC;ABANCAY;CURAHUASI;2;;0;0;0
1006;30104;APURIMAC;ABANCAY;CURAHUASI;1;;0;0;1
1008;30104;APURIMAC;ABANCAY;CURAHUASI;1;;0;0;0
1008;30104;APURIMAC;ABANCAY;CURAHUASI;2;;1;0;1
1008;30104;APURIMAC;ABANCAY;CURAHUASI;1;;0;0;1
1008;30104;APURIMAC;ABANCAY;CURAHUASI;2;;0;0;0
1009;30104;APURIMAC;ABANCAY;CURAHUASI;2;;0;0;0
1009;30104;APURIMAC;ABANCAY;CURAHUASI;2;;1;0;1
1010;80105;CUSCO;CUSCO;SAN SEBASTIAN;2;;1;0;1
1010;80105;CUSCO;CUSCO;SAN SEBASTIAN;1;;0;0;0
1017;110108;ICA;ICA;SALAS;2;;1;0;1
1017;110108;ICA;ICA;SALAS;1;;0;0;1
1017;110108;ICA;ICA;SALAS;2;;0;0;0
1017;110108;ICA;ICA;SALAS;2;;0;0;0
1025;110108;ICA;ICA;SALAS;2;;0;0;0
1025;110108;ICA;ICA;SALAS;2;;1;0;1
1031;30104;APURIMAC;ABANCAY;CURAHUASI;1;;0;0;0
1031;30104;APURIMAC;ABANCAY;CURAHUASI;2;;1;0;1
1039;30101;APURIMAC;ABANCAY;ABANCAY;1;;0;0;0
1039;30101;APURIMAC;ABANCAY;ABANCAY;2;;1;0;1
1039;30101;APURIMAC;ABANCAY;ABANCAY;1;;0;0;1
1046;30105;APURIMAC;ABANCAY;HUANIPACA;1;;0;0;0
1046;30105;APURIMAC;ABANCAY;HUANIPACA;2;;1;0;1
1052;30101;APURIMAC;ABANCAY;ABANCAY;1;;0;0;0
1052;30101;APURIMAC;ABANCAY;ABANCAY;2;;1;0;1
1055;30105;APURIMAC;ABANCAY;HUANIPACA;2;;0;0;0
1055;30105;APURIMAC;ABANCAY;HUANIPACA;1;;0;0;0
1055;30105;APURIMAC;ABANCAY;HUANIPACA;2;;1;0;1
1055;30105;APURIMAC;ABANCAY;HUANIPACA;1;;0;0;1
1055;30105;APURIMAC;ABANCAY;HUANIPACA;1;;0;0;0
1058;30101;APURIMAC;ABANCAY;ABANCAY;2;;0;0;0
1058;30101;APURIMAC;ABANCAY;ABANCAY;1;;0;0;1
1058;30101;APURIMAC;ABANCAY;ABANCAY;2;;1;0;1
1062;30101;APURIMAC;ABANCAY;ABANCAY;1;;0;0;1
1062;30101;APURIMAC;ABANCAY;ABANCAY;2;;1;0;1
1062;30101;APURIMAC;ABANCAY;ABANCAY;2;;0;0;0
1062;30101;APURIMAC;ABANCAY;ABANCAY;1;;0;0;0
1066;30101;APURIMAC;ABANCAY;ABANCAY;2;;0;0;0
1066;30101;APURIMAC;ABANCAY;ABANCAY;2;;1;0;1
1066;30101;APURIMAC;ABANCAY;ABANCAY;1;;0;0;1
1068;30101;APURIMAC;ABANCAY;ABANCAY;1;;0;0;0
1068;30101;APURIMAC;ABANCAY;ABANCAY;1;;0;0;1
1068;30101;APURIMAC;ABANCAY;ABANCAY;1;;0;0;0
1068;30101;APURIMAC;ABANCAY;ABANCAY;1;;0;0;0
1068;30101;APURIMAC;ABANCAY;ABANCAY;2;;1;0;1
1070;30106;APURIMAC;ABANCAY;LAMBRAMA;1;;0;0;0
1070;30106;APURIMAC;ABANCAY;LAMBRAMA;1;;0;0;1
1070;30106;APURIMAC;ABANCAY;LAMBRAMA;2;;1;0;1
1070;30106;APURIMAC;ABANCAY;LAMBRAMA;1;;0;0;0
1084;150143;LIMA;LIMA;VILLA MARIA DEL TRIUNFO;2;;1;0;1
1084;150143;LIMA;LIMA;VILLA MARIA DEL TRIUNFO;1;;0;0;0
1091;30108;APURIMAC;ABANCAY;SAN PEDRO DE CACHORA;1;;0;0;0
1091;30108;APURIMAC;ABANCAY;SAN PEDRO DE CACHORA;2;;1;0;1
1092;80605;CUSCO;CANCHIS;PITUMARCA;2;;1;0;1
1092;80605;CUSCO;CANCHIS;PITUMARCA;1;;0;0;0
1092;80605;CUSCO;CANCHIS;PITUMARCA;1;;0;0;1
1092;80605;CUSCO;CANCHIS;PITUMARCA;2;;0;0;0
1093;30108;APURIMAC;ABANCAY;SAN PEDRO DE CACHORA;1;;0;0;1
1093;30108;APURIMAC;ABANCAY;SAN PEDRO DE CACHORA;2;;0;0;0
1093;30108;APURIMAC;ABANCAY;SAN PEDRO DE CACHORA;2;;1;0;1
1102;30220;APURIMAC;ANDAHUAYLAS;JOSE MARIA ARGUEDAS;1;;0;0;1
1102;30220;APURIMAC;ANDAHUAYLAS;JOSE MARIA ARGUEDAS;2;;1;0;1
1102;30220;APURIMAC;ANDAHUAYLAS;JOSE MARIA ARGUEDAS;1;;0;0;0
1102;30220;APURIMAC;ANDAHUAYLAS;JOSE MARIA ARGUEDAS;2;;0;0;0
1110;30201;APURIMAC;ANDAHUAYLAS;ANDAHUAYLAS;2;;0;0;0
1110;30201;APURIMAC;ANDAHUAYLAS;ANDAHUAYLAS;2;;1;0;1
1110;30201;APURIMAC;ANDAHUAYLAS;ANDAHUAYLAS;1;;0;0;0
1110;30201;APURIMAC;ANDAHUAYLAS;ANDAHUAYLAS;1;;0;0;0
1113;30220;APURIMAC;ANDAHUAYLAS;JOSE MARIA ARGUEDAS;1;;0;0;0
1113;30220;APURIMAC;ANDAHUAYLAS;JOSE MARIA ARGUEDAS;2;;0;0;0
1113;30220;APURIMAC;ANDAHUAYLAS;JOSE MARIA ARGUEDAS;2;;1;0;1
1117;30220;APURIMAC;ANDAHUAYLAS;JOSE MARIA ARGUEDAS;1;;0;0;0
1117;30220;APURIMAC;ANDAHUAYLAS;JOSE MARIA ARGUEDAS;2;;1;0;1
1117;30220;APURIMAC;ANDAHUAYLAS;JOSE MARIA ARGUEDAS;2;;0;0;0
1118;30220;APURIMAC;ANDAHUAYLAS;JOSE MARIA ARGUEDAS;1;;1;0;1
1120;30201;APURIMAC;ANDAHUAYLAS;ANDAHUAYLAS;2;;1;0;1
1120;30201;APURIMAC;ANDAHUAYLAS;ANDAHUAYLAS;2;;0;0;1
1120;30201;APURIMAC;ANDAHUAYLAS;ANDAHUAYLAS;2;;0;0;0
1121;30220;APURIMAC;ANDAHUAYLAS;JOSE MARIA ARGUEDAS;2;;0;0;0
1121;30220;APURIMAC;ANDAHUAYLAS;JOSE MARIA ARGUEDAS;1;;0;0;1
1121;30220;APURIMAC;ANDAHUAYLAS;JOSE MARIA ARGUEDAS;2;;1;0;1
1123;150108;LIMA;LIMA;CHORRILLOS;1;;0;0;0
1123;150108;LIMA;LIMA;CHORRILLOS;2;;1;0;1
1123;150108;LIMA;LIMA;CHORRILLOS;1;;0;0;1
1123;150108;LIMA;LIMA;CHORRILLOS;1;;0;0;1
1123;150108;LIMA;LIMA;CHORRILLOS;1;;0;0;0
1123;150108;LIMA;LIMA;CHORRILLOS;2;;0;0;0
1136;30202;APURIMAC;ANDAHUAYLAS;ANDARAPA;1;;0;0;0
1136;30202;APURIMAC;ANDAHUAYLAS;ANDARAPA;1;;0;0;1
1136;30202;APURIMAC;ANDAHUAYLAS;ANDARAPA;2;;1;0;1
1136;30202;APURIMAC;ANDAHUAYLAS;ANDARAPA;1;;0;0;0
1138;30202;APURIMAC;ANDAHUAYLAS;ANDARAPA;2;;1;0;1
1138;30202;APURIMAC;ANDAHUAYLAS;ANDARAPA;1;;0;0;0
1138;30202;APURIMAC;ANDAHUAYLAS;ANDARAPA;1;;0;0;1
1138;30202;APURIMAC;ANDAHUAYLAS;ANDARAPA;2;;0;0;0
1139;30602;APURIMAC;CHINCHEROS;ANCO_HUALLO;1;;0;0;0
1139;30602;APURIMAC;CHINCHEROS;ANCO_HUALLO;2;;1;0;1
1139;30602;APURIMAC;CHINCHEROS;ANCO_HUALLO;1;;0;0;1
1139;30602;APURIMAC;CHINCHEROS;ANCO_HUALLO;1;;0;0;0
1153;150407;LIMA;CANTA;SANTA ROSA DE QUIVES;1;;0;0;0
1153;150407;LIMA;CANTA;SANTA ROSA DE QUIVES;1;;0;0;1
1153;150407;LIMA;CANTA;SANTA ROSA DE QUIVES;1;;0;0;0
1153;150407;LIMA;CANTA;SANTA ROSA DE QUIVES;2;;1;0;1
1153;150407;LIMA;CANTA;SANTA ROSA DE QUIVES;2;;0;0;0
1153;150407;LIMA;CANTA;SANTA ROSA DE QUIVES;2;;0;0;0
1157;30204;APURIMAC;ANDAHUAYLAS;HUANCARAMA;1;;0;0;0
1157;30204;APURIMAC;ANDAHUAYLAS;HUANCARAMA;2;;1;0;1
1157;30204;APURIMAC;ANDAHUAYLAS;HUANCARAMA;1;;0;0;1
1161;30204;APURIMAC;ANDAHUAYLAS;HUANCARAMA;1;;0;0;0
1161;30204;APURIMAC;ANDAHUAYLAS;HUANCARAMA;1;;0;0;1
1161;30204;APURIMAC;ANDAHUAYLAS;HUANCARAMA;2;;1;0;1
1161;30204;APURIMAC;ANDAHUAYLAS;HUANCARAMA;1;;0;0;0
1166;150139;LIMA;LIMA;SANTA ROSA;1;;0;0;0
1166;150139;LIMA;LIMA;SANTA ROSA;2;;1;0;1
1166;150139;LIMA;LIMA;SANTA ROSA;1;;0;0;1
1166;150139;LIMA;LIMA;SANTA ROSA;1;;0;0;0
1180;30206;APURIMAC;ANDAHUAYLAS;HUAYANA;1;;0;0;1
1180;30206;APURIMAC;ANDAHUAYLAS;HUAYANA;2;;1;0;1
1180;30206;APURIMAC;ANDAHUAYLAS;HUAYANA;2;;0;0;0
1180;30206;APURIMAC;ANDAHUAYLAS;HUAYANA;1;;0;0;0
1182;30206;APURIMAC;ANDAHUAYLAS;HUAYANA;1;;0;0;0
1182;30206;APURIMAC;ANDAHUAYLAS;HUAYANA;2;;1;0;1
1182;30206;APURIMAC;ANDAHUAYLAS;HUAYANA;2;;0;0;0
1199;30204;APURIMAC;ANDAHUAYLAS;HUANCARAMA;1;;0;0;0
1199;30204;APURIMAC;ANDAHUAYLAS;HUANCARAMA;2;;1;0;1
1199;30204;APURIMAC;ANDAHUAYLAS;HUANCARAMA;1;;0;1;1
1200;30208;APURIMAC;ANDAHUAYLAS;PACOBAMBA;2;;1;0;1
1200;30208;APURIMAC;ANDAHUAYLAS;PACOBAMBA;1;;0;0;0
1201;30204;APURIMAC;ANDAHUAYLAS;HUANCARAMA;2;;1;0;1
1201;30204;APURIMAC;ANDAHUAYLAS;HUANCARAMA;1;;0;0;0
1221;30209;APURIMAC;ANDAHUAYLAS;PACUCHA;2;;0;0;0
1221;30209;APURIMAC;ANDAHUAYLAS;PACUCHA;2;;1;0;1
1221;30209;APURIMAC;ANDAHUAYLAS;PACUCHA;1;;0;0;0
1222;30209;APURIMAC;ANDAHUAYLAS;PACUCHA;2;;1;0;1
1222;30209;APURIMAC;ANDAHUAYLAS;PACUCHA;1;;0;0;0
1236;30211;APURIMAC;ANDAHUAYLAS;POMACOCHA;2;;1;0;1
1236;30211;APURIMAC;ANDAHUAYLAS;POMACOCHA;1;;0;0;0
1236;30211;APURIMAC;ANDAHUAYLAS;POMACOCHA;2;;0;0;0
1237;30211;APURIMAC;ANDAHUAYLAS;POMACOCHA;1;;0;0;0
1237;30211;APURIMAC;ANDAHUAYLAS;POMACOCHA;1;;0;0;0
1237;30211;APURIMAC;ANDAHUAYLAS;POMACOCHA;2;;1;0;1
1237;30211;APURIMAC;ANDAHUAYLAS;POMACOCHA;1;;0;0;0
1237;30211;APURIMAC;ANDAHUAYLAS;POMACOCHA;1;;0;0;1
1240;30212;APURIMAC;ANDAHUAYLAS;SAN ANTONIO DE CACHI;1;;0;0;1
1240;30212;APURIMAC;ANDAHUAYLAS;SAN ANTONIO DE CACHI;1;;0;0;0
1240;30212;APURIMAC;ANDAHUAYLAS;SAN ANTONIO DE CACHI;2;;1;0;1
1241;30212;APURIMAC;ANDAHUAYLAS;SAN ANTONIO DE CACHI;1;;0;0;0
1241;30212;APURIMAC;ANDAHUAYLAS;SAN ANTONIO DE CACHI;1;;0;0;1
1241;30212;APURIMAC;ANDAHUAYLAS;SAN ANTONIO DE CACHI;1;;0;0;0
1241;30212;APURIMAC;ANDAHUAYLAS;SAN ANTONIO DE CACHI;2;;1;0;1
1242;30212;APURIMAC;ANDAHUAYLAS;SAN ANTONIO DE CACHI;2;;0;0;1
1242;30212;APURIMAC;ANDAHUAYLAS;SAN ANTONIO DE CACHI;1;;1;0;1
1244;30213;APURIMAC;ANDAHUAYLAS;SAN JERONIMO;2;;1;0;1
1244;30213;APURIMAC;ANDAHUAYLAS;SAN JERONIMO;1;;0;0;0
1248;30213;APURIMAC;ANDAHUAYLAS;SAN JERONIMO;1;;0;0;1
1248;30213;APURIMAC;ANDAHUAYLAS;SAN JERONIMO;2;;0;0;0
1248;30213;APURIMAC;ANDAHUAYLAS;SAN JERONIMO;2;;1;0;1
1253;30201;APURIMAC;ANDAHUAYLAS;ANDAHUAYLAS;2;;1;0;1
1253;30201;APURIMAC;ANDAHUAYLAS;ANDAHUAYLAS;1;;0;0;1
1253;30201;APURIMAC;ANDAHUAYLAS;ANDAHUAYLAS;1;;0;0;0
1253;30201;APURIMAC;ANDAHUAYLAS;ANDAHUAYLAS;2;;0;0;0
1278;30214;APURIMAC;ANDAHUAYLAS;SAN MIGUEL DE CHACCRAMPA;1;;1;0;1
1279;30214;APURIMAC;ANDAHUAYLAS;SAN MIGUEL DE CHACCRAMPA;2;;1;0;1
1279;30214;APURIMAC;ANDAHUAYLAS;SAN MIGUEL DE CHACCRAMPA;1;;0;0;1
1279;30214;APURIMAC;ANDAHUAYLAS;SAN MIGUEL DE CHACCRAMPA;2;;0;0;1
1279;30214;APURIMAC;ANDAHUAYLAS;SAN MIGUEL DE CHACCRAMPA;1;;0;0;0
1279;30214;APURIMAC;ANDAHUAYLAS;SAN MIGUEL DE CHACCRAMPA;1;;0;0;0
1280;30214;APURIMAC;ANDAHUAYLAS;SAN MIGUEL DE CHACCRAMPA;1;;0;0;1
1280;30214;APURIMAC;ANDAHUAYLAS;SAN MIGUEL DE CHACCRAMPA;2;;0;0;0
1280;30214;APURIMAC;ANDAHUAYLAS;SAN MIGUEL DE CHACCRAMPA;2;;1;0;1
1281;150143;LIMA;LIMA;VILLA MARIA DEL TRIUNFO;2;;1;0;1
1281;150143;LIMA;LIMA;VILLA MARIA DEL TRIUNFO;1;;0;0;0
1281;150143;LIMA;LIMA;VILLA MARIA DEL TRIUNFO;2;;0;0;0
1282;150123;LIMA;LIMA;PACHACAMAC;1;;0;0;1
1282;150123;LIMA;LIMA;PACHACAMAC;2;;0;0;0
1282;150123;LIMA;LIMA;PACHACAMAC;2;;0;0;0
1282;150123;LIMA;LIMA;PACHACAMAC;2;;1;0;1
1288;30215;APURIMAC;ANDAHUAYLAS;SANTA MARIA DE CHICMO;1;;0;0;0
1288;30215;APURIMAC;ANDAHUAYLAS;SANTA MARIA DE CHICMO;1;;0;0;1
1288;30215;APURIMAC;ANDAHUAYLAS;SANTA MARIA DE CHICMO;2;;1;0;1
1293;30215;APURIMAC;ANDAHUAYLAS;SANTA MARIA DE CHICMO;2;;0;0;0
1293;30215;APURIMAC;ANDAHUAYLAS;SANTA MARIA DE CHICMO;1;;0;0;1
1293;30215;APURIMAC;ANDAHUAYLAS;SANTA MARIA DE CHICMO;2;;1;0;1
1293;30215;APURIMAC;ANDAHUAYLAS;SANTA MARIA DE CHICMO;2;;0;0;0
1293;30215;APURIMAC;ANDAHUAYLAS;SANTA MARIA DE CHICMO;2;;0;0;0
1304;30215;APURIMAC;ANDAHUAYLAS;SANTA MARIA DE CHICMO;2;;0;0;0
1304;30215;APURIMAC;ANDAHUAYLAS;SANTA MARIA DE CHICMO;1;;0;0;1
1304;30215;APURIMAC;ANDAHUAYLAS;SANTA MARIA DE CHICMO;2;;1;0;1
1307;30215;APURIMAC;ANDAHUAYLAS;SANTA MARIA DE CHICMO;2;;0;0;0
1307;30215;APURIMAC;ANDAHUAYLAS;SANTA MARIA DE CHICMO;2;;1;0;1
1307;30215;APURIMAC;ANDAHUAYLAS;SANTA MARIA DE CHICMO;1;;0;0;1
1307;30215;APURIMAC;ANDAHUAYLAS;SANTA MARIA DE CHICMO;2;;0;0;0
1307;30215;APURIMAC;ANDAHUAYLAS;SANTA MARIA DE CHICMO;2;;0;0;0
1312;30216;APURIMAC;ANDAHUAYLAS;TALAVERA;1;;0;0;0
1312;30216;APURIMAC;ANDAHUAYLAS;TALAVERA;2;;0;0;0
1312;30216;APURIMAC;ANDAHUAYLAS;TALAVERA;2;;1;0;1
1312;30216;APURIMAC;ANDAHUAYLAS;TALAVERA;1;;0;0;1
1312;30216;APURIMAC;ANDAHUAYLAS;TALAVERA;1;;0;0;0
1316;30216;APURIMAC;ANDAHUAYLAS;TALAVERA;1;;0;0;0
1316;30216;APURIMAC;ANDAHUAYLAS;TALAVERA;1;;0;0;1
1316;30216;APURIMAC;ANDAHUAYLAS;TALAVERA;2;;1;0;1
1316;30216;APURIMAC;ANDAHUAYLAS;TALAVERA;2;;0;0;0
1318;30201;APURIMAC;ANDAHUAYLAS;ANDAHUAYLAS;2;;1;0;1
1318;30201;APURIMAC;ANDAHUAYLAS;ANDAHUAYLAS;2;;0;0;0
1318;30201;APURIMAC;ANDAHUAYLAS;ANDAHUAYLAS;1;;0;0;1
1321;30216;APURIMAC;ANDAHUAYLAS;TALAVERA;2;;1;0;1
1321;30216;APURIMAC;ANDAHUAYLAS;TALAVERA;2;;0;0;0
1328;30201;APURIMAC;ANDAHUAYLAS;ANDAHUAYLAS;2;;1;0;1
1328;30201;APURIMAC;ANDAHUAYLAS;ANDAHUAYLAS;1;;0;0;0
1328;30201;APURIMAC;ANDAHUAYLAS;ANDAHUAYLAS;1;;0;0;0
1329;30211;APURIMAC;ANDAHUAYLAS;POMACOCHA;2;;1;0;1
1329;30211;APURIMAC;ANDAHUAYLAS;POMACOCHA;2;;0;0;0
1329;30211;APURIMAC;ANDAHUAYLAS;POMACOCHA;2;;0;0;0
1336;30218;APURIMAC;ANDAHUAYLAS;TURPO;2;;1;0;1
1346;30219;APURIMAC;ANDAHUAYLAS;KAQUIABAMBA;2;;0;0;0
1346;30219;APURIMAC;ANDAHUAYLAS;KAQUIABAMBA;1;;0;0;1
1346;30219;APURIMAC;ANDAHUAYLAS;KAQUIABAMBA;2;;1;0;1
1346;30219;APURIMAC;ANDAHUAYLAS;KAQUIABAMBA;2;;0;0;0
1364;30305;APURIMAC;ANTABAMBA;OROPESA;1;;0;0;0
1364;30305;APURIMAC;ANTABAMBA;OROPESA;2;;1;0;1
1364;30305;APURIMAC;ANTABAMBA;OROPESA;2;;0;0;0
1365;40103;AREQUIPA;AREQUIPA;CAYMA;2;;1;0;1
1365;40103;AREQUIPA;AREQUIPA;CAYMA;2;;0;0;0
1365;40103;AREQUIPA;AREQUIPA;CAYMA;1;;0;0;1
1365;40103;AREQUIPA;AREQUIPA;CAYMA;2;;0;0;0
1366;30305;APURIMAC;ANTABAMBA;OROPESA;1;;1;0;1
1370;30307;APURIMAC;ANTABAMBA;SABAINO;2;;0;0;0
1370;30307;APURIMAC;ANTABAMBA;SABAINO;1;;0;0;1
1370;30307;APURIMAC;ANTABAMBA;SABAINO;2;;1;0;1
1370;30307;APURIMAC;ANTABAMBA;SABAINO;2;;0;0;0
1373;30401;APURIMAC;AYMARAES;CHALHUANCA;2;;1;0;1
1373;30401;APURIMAC;AYMARAES;CHALHUANCA;1;;0;0;1
1373;30401;APURIMAC;AYMARAES;CHALHUANCA;1;;0;0;0
1373;30401;APURIMAC;AYMARAES;CHALHUANCA;2;;0;0;0
1373;30401;APURIMAC;AYMARAES;CHALHUANCA;1;;0;0;0
1374;30401;APURIMAC;AYMARAES;CHALHUANCA;2;;1;0;1
1374;30401;APURIMAC;AYMARAES;CHALHUANCA;1;;0;0;0
1374;30401;APURIMAC;AYMARAES;CHALHUANCA;1;;0;0;1
1375;30401;APURIMAC;AYMARAES;CHALHUANCA;2;;0;0;0
1375;30401;APURIMAC;AYMARAES;CHALHUANCA;2;;0;0;0
1375;30401;APURIMAC;AYMARAES;CHALHUANCA;2;;1;0;1
1375;30401;APURIMAC;AYMARAES;CHALHUANCA;1;;0;0;1
1378;150143;LIMA;LIMA;VILLA MARIA DEL TRIUNFO;2;;1;0;1
1378;150143;LIMA;LIMA;VILLA MARIA DEL TRIUNFO;2;;0;0;0
1378;150143;LIMA;LIMA;VILLA MARIA DEL TRIUNFO;2;;0;0;0
1381;30401;APURIMAC;AYMARAES;CHALHUANCA;1;;0;0;1
1381;30401;APURIMAC;AYMARAES;CHALHUANCA;2;;0;0;0
1381;30401;APURIMAC;AYMARAES;CHALHUANCA;2;;0;0;0
1381;30401;APURIMAC;AYMARAES;CHALHUANCA;2;;1;0;1
1381;30401;APURIMAC;AYMARAES;CHALHUANCA;1;;0;0;0
1381;30401;APURIMAC;AYMARAES;CHALHUANCA;2;;0;0;0
1388;30405;APURIMAC;AYMARAES;COLCABAMBA;2;;0;0;0
1388;30405;APURIMAC;AYMARAES;COLCABAMBA;2;;0;0;0
1388;30405;APURIMAC;AYMARAES;COLCABAMBA;2;;1;0;1
1388;30405;APURIMAC;AYMARAES;COLCABAMBA;1;;0;0;0
1393;30406;APURIMAC;AYMARAES;COTARUSE;2;;1;0;1
1393;30406;APURIMAC;AYMARAES;COTARUSE;1;;0;0;1
1393;30406;APURIMAC;AYMARAES;COTARUSE;1;;0;0;0
1393;30406;APURIMAC;AYMARAES;COTARUSE;1;;0;0;0
1398;30411;APURIMAC;AYMARAES;SAN JUAN DE CHAC헤;2;;1;0;1
1398;30411;APURIMAC;AYMARAES;SAN JUAN DE CHAC헤;1;;0;0;0
1398;30411;APURIMAC;AYMARAES;SAN JUAN DE CHAC헤;2;;0;0;0
1401;30411;APURIMAC;AYMARAES;SAN JUAN DE CHAC헤;2;;1;0;1
1401;30411;APURIMAC;AYMARAES;SAN JUAN DE CHAC헤;1;;0;0;0
1404;30415;APURIMAC;AYMARAES;TINTAY;1;;0;0;0
1404;30415;APURIMAC;AYMARAES;TINTAY;2;;1;0;1
1404;30415;APURIMAC;AYMARAES;TINTAY;2;;0;0;0
1407;110501;ICA;PISCO;PISCO;1;;0;0;1
1407;110501;ICA;PISCO;PISCO;2;;0;0;0
1407;110501;ICA;PISCO;PISCO;2;;1;0;1
1407;110501;ICA;PISCO;PISCO;1;;0;0;0
1410;30501;APURIMAC;COTABAMBAS;TAMBOBAMBA;2;;1;0;1
1410;30501;APURIMAC;COTABAMBAS;TAMBOBAMBA;1;;0;0;1
1410;30501;APURIMAC;COTABAMBAS;TAMBOBAMBA;2;;0;0;0
1410;30501;APURIMAC;COTABAMBAS;TAMBOBAMBA;1;;0;0;0
1410;30501;APURIMAC;COTABAMBAS;TAMBOBAMBA;1;;0;0;0
1427;80701;CUSCO;CHUMBIVILCAS;SANTO TOMAS;2;;0;0;0
1427;80701;CUSCO;CHUMBIVILCAS;SANTO TOMAS;2;;1;0;1
1427;80701;CUSCO;CHUMBIVILCAS;SANTO TOMAS;1;;0;0;1
1427;80701;CUSCO;CHUMBIVILCAS;SANTO TOMAS;2;;0;0;0
1436;30501;APURIMAC;COTABAMBAS;TAMBOBAMBA;1;;0;0;1
1436;30501;APURIMAC;COTABAMBAS;TAMBOBAMBA;1;;0;0;0
1436;30501;APURIMAC;COTABAMBAS;TAMBOBAMBA;1;;0;0;0
1436;30501;APURIMAC;COTABAMBAS;TAMBOBAMBA;2;;1;0;1
1444;30502;APURIMAC;COTABAMBAS;COTABAMBAS;2;;1;0;1
1444;30502;APURIMAC;COTABAMBAS;COTABAMBAS;2;;0;0;0
1445;30502;APURIMAC;COTABAMBAS;COTABAMBAS;2;;0;0;0
1445;30502;APURIMAC;COTABAMBAS;COTABAMBAS;2;;0;0;0
1445;30502;APURIMAC;COTABAMBAS;COTABAMBAS;1;;0;0;1
1445;30502;APURIMAC;COTABAMBAS;COTABAMBAS;2;;1;0;1
1448;30502;APURIMAC;COTABAMBAS;COTABAMBAS;1;;0;0;1
1448;30502;APURIMAC;COTABAMBAS;COTABAMBAS;2;;0;0;0
1448;30502;APURIMAC;COTABAMBAS;COTABAMBAS;2;;1;0;1
1456;40122;AREQUIPA;AREQUIPA;SOCABAYA;1;;0;0;1
1456;40122;AREQUIPA;AREQUIPA;SOCABAYA;2;;0;0;0
1456;40122;AREQUIPA;AREQUIPA;SOCABAYA;2;;1;0;1
1456;40122;AREQUIPA;AREQUIPA;SOCABAYA;2;;0;0;0
1464;30503;APURIMAC;COTABAMBAS;COYLLURQUI;2;;1;0;1
1464;30503;APURIMAC;COTABAMBAS;COYLLURQUI;1;;0;0;0
1474;30503;APURIMAC;COTABAMBAS;COYLLURQUI;2;;1;0;1
1474;30503;APURIMAC;COTABAMBAS;COYLLURQUI;2;;0;0;0
1474;30503;APURIMAC;COTABAMBAS;COYLLURQUI;1;;0;0;1
1482;30503;APURIMAC;COTABAMBAS;COYLLURQUI;1;;0;0;0
1482;30503;APURIMAC;COTABAMBAS;COYLLURQUI;1;;0;0;1
1482;30503;APURIMAC;COTABAMBAS;COYLLURQUI;2;;0;0;0
1482;30503;APURIMAC;COTABAMBAS;COYLLURQUI;1;;0;0;0
1482;30503;APURIMAC;COTABAMBAS;COYLLURQUI;2;;1;0;1
1490;30504;APURIMAC;COTABAMBAS;HAQUIRA;1;;0;0;1
1490;30504;APURIMAC;COTABAMBAS;HAQUIRA;2;;1;0;1
1490;30504;APURIMAC;COTABAMBAS;HAQUIRA;2;;0;0;0
1499;30504;APURIMAC;COTABAMBAS;HAQUIRA;1;;0;0;1
1499;30504;APURIMAC;COTABAMBAS;HAQUIRA;2;;0;0;0
1499;30504;APURIMAC;COTABAMBAS;HAQUIRA;2;;1;0;1
1499;30504;APURIMAC;COTABAMBAS;HAQUIRA;2;;0;0;0
1504;30504;APURIMAC;COTABAMBAS;HAQUIRA;2;;0;0;0
1504;30504;APURIMAC;COTABAMBAS;HAQUIRA;2;;0;0;0
1504;30504;APURIMAC;COTABAMBAS;HAQUIRA;1;;0;0;1
1504;30504;APURIMAC;COTABAMBAS;HAQUIRA;2;;1;0;1
1512;30505;APURIMAC;COTABAMBAS;MARA;2;;1;0;1
1512;30505;APURIMAC;COTABAMBAS;MARA;1;;0;1;0
1512;30505;APURIMAC;COTABAMBAS;MARA;2;;0;0;0
1526;30506;APURIMAC;COTABAMBAS;CHALLHUAHUACHO;2;;1;0;1
1526;30506;APURIMAC;COTABAMBAS;CHALLHUAHUACHO;1;;0;0;1
1526;30506;APURIMAC;COTABAMBAS;CHALLHUAHUACHO;2;;0;0;0
1533;30505;APURIMAC;COTABAMBAS;MARA;1;;0;0;0
1533;30505;APURIMAC;COTABAMBAS;MARA;2;;0;0;0
1533;30505;APURIMAC;COTABAMBAS;MARA;1;;0;0;1
1533;30505;APURIMAC;COTABAMBAS;MARA;2;;1;0;1
1533;30505;APURIMAC;COTABAMBAS;MARA;2;;0;0;0
1535;30505;APURIMAC;COTABAMBAS;MARA;1;;0;0;1
1535;30505;APURIMAC;COTABAMBAS;MARA;2;;0;0;0
1535;30505;APURIMAC;COTABAMBAS;MARA;2;;0;0;0
1535;30505;APURIMAC;COTABAMBAS;MARA;2;;1;0;1
1535;30505;APURIMAC;COTABAMBAS;MARA;1;;0;0;0
1541;30506;APURIMAC;COTABAMBAS;CHALLHUAHUACHO;1;;0;0;0
1541;30506;APURIMAC;COTABAMBAS;CHALLHUAHUACHO;1;;0;0;0
1541;30506;APURIMAC;COTABAMBAS;CHALLHUAHUACHO;1;;0;1;1
1541;30506;APURIMAC;COTABAMBAS;CHALLHUAHUACHO;2;;1;0;1
1550;150132;LIMA;LIMA;SAN JUAN DE LURIGANCHO;2;;0;0;0
1550;150132;LIMA;LIMA;SAN JUAN DE LURIGANCHO;1;;0;0;1
1550;150132;LIMA;LIMA;SAN JUAN DE LURIGANCHO;2;;1;0;1
1550;150132;LIMA;LIMA;SAN JUAN DE LURIGANCHO;2;;0;0;0
1558;30601;APURIMAC;CHINCHEROS;CHINCHEROS;2;;0;0;0
1558;30601;APURIMAC;CHINCHEROS;CHINCHEROS;2;;0;0;0
1558;30601;APURIMAC;CHINCHEROS;CHINCHEROS;1;;0;0;0
1558;30601;APURIMAC;CHINCHEROS;CHINCHEROS;2;;0;0;0
1558;30601;APURIMAC;CHINCHEROS;CHINCHEROS;2;;0;0;0
1558;30601;APURIMAC;CHINCHEROS;CHINCHEROS;1;;0;0;1
1558;30601;APURIMAC;CHINCHEROS;CHINCHEROS;2;;1;0;1
1561;30601;APURIMAC;CHINCHEROS;CHINCHEROS;2;;1;0;1
1561;30601;APURIMAC;CHINCHEROS;CHINCHEROS;1;;0;0;0
1561;30601;APURIMAC;CHINCHEROS;CHINCHEROS;1;;0;0;0
1562;150132;LIMA;LIMA;SAN JUAN DE LURIGANCHO;1;;0;0;0
1562;150132;LIMA;LIMA;SAN JUAN DE LURIGANCHO;2;;1;0;1
1562;150132;LIMA;LIMA;SAN JUAN DE LURIGANCHO;1;;0;0;0
1562;150132;LIMA;LIMA;SAN JUAN DE LURIGANCHO;1;;0;0;0
1562;150132;LIMA;LIMA;SAN JUAN DE LURIGANCHO;2;;0;0;0
1563;30601;APURIMAC;CHINCHEROS;CHINCHEROS;2;;0;0;0
1563;30601;APURIMAC;CHINCHEROS;CHINCHEROS;2;;1;0;1
1563;30601;APURIMAC;CHINCHEROS;CHINCHEROS;2;;0;0;0
1577;80910;CUSCO;LA CONVENCION;PICHARI;1;;0;0;0
1577;80910;CUSCO;LA CONVENCION;PICHARI;2;;1;0;1
1577;80910;CUSCO;LA CONVENCION;PICHARI;1;;0;0;0
1584;30602;APURIMAC;CHINCHEROS;ANCO_HUALLO;1;;0;0;0
1584;30602;APURIMAC;CHINCHEROS;ANCO_HUALLO;2;;0;0;0
1584;30602;APURIMAC;CHINCHEROS;ANCO_HUALLO;1;;0;0;1
1584;30602;APURIMAC;CHINCHEROS;ANCO_HUALLO;2;;1;0;1
